movie_id,title,overview,runtime,Director,Actor_1,Actor_2,Actor_3,budget,revenue,original_language,release_date,genre_1,genre_2,genre_3,genre_4,genre_5,Country_1,Country_2,Country_3,Country_4,Country_5,vote_average,vote_count
20662,Robin Hood,"When soldier Robin happens upon the dying Robert of Loxley, he promises to return the man's sword to his family in Nottingham. There, he assumes Robert's identity; romances his widow, Marion; and draws the ire of the town's sheriff and King John's henchman, Godfrey.",140.0,Ridley Scott,Russell Crowe,Cate Blanchett,Max von Sydow,200000000,310669540,English,2010-05-12,Action,Adventure,,,,United Kingdom,United States of America,,,,6.2,1398
12155,Alice in Wonderland,"Alice, an unpretentious and individual 19-year-old, is betrothed to a dunce of an English nobleman. At her engagement party, she escapes the crowd to consider whether to go through with the marriage and falls down a hole in the garden after spotting an unusual rabbit. Arriving in a strange and surreal place called 'Underland,' she finds herself in a world that resembles the nightmares she had as a child, filled with talking animals, villainous queens and knights, and frumious bandersnatches. Alice realizes that she is there for a reason – to conquer the horrific Jabberwocky and restore the rightful queen to her throne.",108.0,Tim Burton,Mia Wasikowska,Johnny Depp,Anne Hathaway,200000000,1025491110,English,2010-03-03,Family,Fantasy,Adventure,,,United States of America,,,,,6.4,4645
217,Indiana Jones and the Kingdom of the Crystal Skull,"Set during the Cold War, the Soviets – led by sword-wielding Irina Spalko – are in search of a crystal skull which has supernatural powers related to a mystical Lost City of Gold. After being captured and then escaping from them, Indy is coerced to head to Peru at the behest of a young man whose friend – and Indy's colleague – Professor Oxley has been captured for his knowledge of the skull's whereabouts.",122.0,Steven Spielberg,Harrison Ford,Cate Blanchett,Shia LaBeouf,185000000,786636033,English,2008-05-21,Adventure,Action,,,,United States of America,,,,,5.7,2495
44826,Hugo,"Hugo is an orphan boy living in the walls of a train station in 1930s Paris. He learned to fix clocks and other gadgets from his father and uncle which he puts to use keeping the train station clocks running. The only thing that he has left that connects him to his dead father is an automaton (mechanical man) that doesn't work without a special key which Hugo needs to find to unlock the secret he believes it contains. On his adventures, he meets with a shopkeeper, George Melies, who works in the train station and his adventure-seeking god-daughter. Hugo finds that they have a surprising connection to his father and the automaton, and he discovers it unlocks some memories the old man has buried inside regarding his past.",126.0,Martin Scorsese,Ben Kingsley,Sacha Baron Cohen,Asa Butterfield,170000000,185770160,English,2011-11-22,Adventure,Drama,Family,,,France,United States of America,United Kingdom,,,7.0,2141
118,Charlie and the Chocolate Factory,"A young boy wins a tour through the most magnificent chocolate factory in the world, led by the world's most unusual candy maker.",115.0,Tim Burton,Johnny Depp,Freddie Highmore,David Kelly,150000000,474968763,English,2005-07-13,Adventure,Comedy,Family,Fantasy,,Australia,United Kingdom,United States of America,,,6.7,3624
62213,Dark Shadows,Vampire Barnabas Collins is inadvertently freed from his tomb and emerges into the very changed world of 1972. He returns to Collinwood Manor to find that his once-grand estate and family have fallen into ruin.,113.0,Tim Burton,Johnny Depp,Michelle Pfeiffer,Helena Bonham Carter,150000000,245527149,English,2012-05-08,Comedy,Fantasy,,,,Australia,United States of America,,,,5.7,2320
147441,Exodus: Gods and Kings,"The defiant leader Moses rises up against the Egyptian Pharaoh Ramses, setting 400,000 slaves on a monumental journey of escape from Egypt and its terrifying cycle of deadly plagues.",150.0,Ridley Scott,Christian Bale,Joel Edgerton,John Turturro,140000000,268031828,English,2014-12-03,Adventure,Drama,Action,,,Spain,United Kingdom,United States of America,,,5.6,1921
267935,The BFG,"The BFG is no ordinary bone-crunching giant. He is far too nice and jumbly. It's lucky for Sophie that he is. Had she been carried off in the middle of the night by the Bloodbottler, or any of the other giants—rather than the BFG—she would have soon become breakfast. When Sophie hears that the giants are flush-bunking off to England to swollomp a few nice little chiddlers, she decides she must stop them once and for all. And the BFG is going to help her!",120.0,Steven Spielberg,Ruby Barnhill,Mark Rylance,Rebecca Hall,140000000,183345589,English,2016-06-01,Adventure,Family,Fantasy,,,India,United States of America,,,,6.0,1000
74,War of the Worlds,"Ray Ferrier is a divorced dockworker and less-than-perfect father. Soon after his ex-wife and her new husband drop of his teenage son and young daughter for a rare weekend visit, a strange and powerful lightning storm touches down.",116.0,Steven Spielberg,Tom Cruise,Dakota Fanning,Miranda Otto,132000000,591739379,English,2005-06-28,Adventure,Thriller,Science Fiction,,,United States of America,,,,,6.2,2322
17578,The Adventures of Tintin,"Intrepid young reporter, Tintin and his loyal dog, Snowy are thrust into a world of high adventure when they discover a ship carrying an explosive secret. As Tintin is drawn into a centuries-old mystery, Ivan Ivanovitch Sakharine suspects him of stealing a priceless treasure. Tintin and Snowy, with the help of salty, cantankerous Captain Haddock and bumbling detectives, Thompson &amp; Thomson, travel half the world, one step ahead of their enemies as Tintin endeavors to find The Unicorn, a sunken ship that may hold a vast fortune, but also an ancient curse.",107.0,Steven Spielberg,Jamie Bell,Andy Serkis,Daniel Craig,130000000,371940071,English,2011-10-25,Adventure,Animation,Mystery,,,New Zealand,United States of America,,,,6.7,2061
70981,Prometheus,"A team of explorers discover a clue to the origins of mankind on Earth, leading them on a journey to the darkest corners of the universe. There, they must fight a terrifying battle to save the future of the human race.",124.0,Ridley Scott,Noomi Rapace,Michael Fassbender,Guy Pearce,130000000,403170142,English,2012-05-30,Science Fiction,Adventure,Mystery,,,United Kingdom,United States of America,,,,6.3,5080
163,Ocean's Twelve,"Danny Ocean reunites with his old flame and the rest of his merry band of thieves in carrying out three huge heists in Rome, Paris and Amsterdam – but a Europol agent is hot on their heels.",125.0,Steven Soderbergh,George Clooney,Brad Pitt,Catherine Zeta-Jones,110000000,362744280,English,2004-12-09,Thriller,Crime,,,,United States of America,,,,,6.4,2124
2567,The Aviator,"A biopic depicting the life of filmmaker and aviation pioneer Howard Hughes from 1927 to 1947, during which time he became a successful film producer and an aviation magnate, while simultaneously growing more unstable due to severe obsessive-compulsive disorder.",170.0,Martin Scorsese,Leonardo DiCaprio,Cate Blanchett,Kate Beckinsale,116000000,102000000,English,2004-12-17,Drama,,,,,United States of America,,,,,7.0,1489
1495,Kingdom of Heaven,"After his wife dies, a blacksmith named Balian is thrust into royalty, political intrigue and bloody holy wars during the Crusades.",144.0,Ridley Scott,Orlando Bloom,Eva Green,Jeremy Irons,130000000,211643158,English,2005-05-03,Drama,Action,Adventure,History,War,Germany,Morocco,Spain,United Kingdom,United States of America,6.6,1157
286217,The Martian,"During a manned mission to Mars, Astronaut Mark Watney is presumed dead after a fierce storm and left behind by his crew. But Watney has survived and finds himself stranded and alone on the hostile planet. With only meager supplies, he must draw upon his ingenuity, wit and spirit to subsist and find a way to signal to Earth that he is alive.",141.0,Ridley Scott,Matt Damon,Jessica Chastain,Kristen Wiig,108000000,630161890,English,2015-09-30,Drama,Adventure,Science Fiction,,,United States of America,,,,,7.6,7268
98,Gladiator,"In the year 180, the death of emperor Marcus Aurelius throws the Roman Empire into chaos. Maximus is one of the Roman army's most capable and trusted generals and a key advisor to the emperor. As Marcus' devious son Commodus ascends to the throne, Maximus is set to be executed. He escapes, but is captured by slave traders. Renamed Spaniard and forced to become a gladiator, Maximus must battle to the death with other men for the amusement of paying audiences. His battle skills serve him well, and he becomes one of the most famous and admired men to fight in the Colosseum. Determined to avenge himself against the man who took away his freedom and laid waste to his family, Maximus believes that he can use his fame and skill in the ring to avenge the loss of his family and former glory. As the gladiator begins to challenge his rule, Commodus decides to put his own fighting mettle to the test by squaring off with Maximus in a battle to the death.",155.0,Ridley Scott,Russell Crowe,Joaquin Phoenix,Connie Nielsen,103000000,457640427,English,2000-05-01,Action,Drama,Adventure,,,United Kingdom,United States of America,,,,7.9,5439
180,Minority Report,"John Anderton is a top 'Precrime' cop in the late-21st century, when technology can predict crimes before they're committed. But Anderton becomes the quarry when another investigator targets him for a murder charge.",145.0,Steven Spielberg,Tom Cruise,Colin Farrell,Samantha Morton,102000000,358372926,English,2002-06-20,Action,Thriller,Science Fiction,Mystery,,United States of America,,,,,7.1,2608
869,Planet of the Apes,"After a spectacular crash-landing on an uncharted planet, brash astronaut Leo Davidson finds himself trapped in a savage world where talking apes dominate the human race. Desperate to find a way home, Leo must evade the invincible gorilla army led by Ruthless General Thade.",119.0,Tim Burton,Mark Wahlberg,Tim Roth,Helena Bonham Carter,100000000,362211740,English,2001-07-25,Thriller,Science Fiction,Action,Adventure,,United States of America,,,,,5.6,1243
4982,American Gangster,"Following the death of his employer and mentor, Bumpy Johnson, Frank Lucas establishes himself as the number one importer of heroin in the Harlem district of Manhattan. He does so by buying heroin directly from the source in South East Asia and he comes up with a unique way of importing the drugs into the United States. Based on a true story.",157.0,Ridley Scott,Denzel Washington,Russell Crowe,Chiwetel Ejiofor,100000000,266465037,English,2007-11-02,Drama,Crime,,,,United Kingdom,United States of America,,,,7.4,1502
106646,The Wolf of Wall Street,"A New York stockbroker refuses to cooperate in a large securities fraud case involving corruption on Wall Street, corporate banking world and mob infiltration. Based on Jordan Belfort's autobiography.",180.0,Martin Scorsese,Leonardo DiCaprio,Jonah Hill,Margot Robbie,100000000,392000694,English,2013-12-25,Crime,Drama,Comedy,,,United States of America,,,,,7.9,6571
3131,Gangs of New York,"It's 1863. America was born in the streets. Amsterdam Vallon returns to the Five Points of America to seek vengeance against the psychotic gangland kingpin, Bill the Butcher, who murdered his father years earlier. With an eager pickpocket by his side and a whole new army, Vallon fights his way to seek vengeance on the Butcher and restore peace in the area.",167.0,Martin Scorsese,Leonardo DiCaprio,Daniel Day-Lewis,Cameron Diaz,100000000,193772504,English,2002-12-14,Drama,History,Crime,,,United States of America,Italy,,,,7.1,1910
855,Black Hawk Down,"When U.S. Rangers and an elite Delta Force team attempt to kidnap two underlings of a Somali warlord, their Black Hawk helicopters are shot down, and the Americans suffer heavy casualties, facing intense fighting from the militia on the ground.",144.0,Ridley Scott,Josh Hartnett,Ewan McGregor,Jason Isaacs,92000000,172989651,English,2001-12-28,Action,History,War,,,United Kingdom,United States of America,,,,7.2,1811
1408,Cutthroat Island,"Morgan Adams and her slave, William Shaw, are on a quest to recover the three portions of a treasure map. Unfortunately, the final portion is held by her murderous uncle, Dawg. Her crew is skeptical of her leadership abilities, so she must complete her quest before they mutiny against her. This is made yet more difficult by the efforts of the British crown to end her pirate raids.",119.0,Renny Harlin,Geena Davis,Matthew Modine,Frank Langella,98000000,10017322,English,1995-12-22,Action,Adventure,,,,France,Germany,Italy,United States of America,,5.7,136
1422,The Departed,"To take down South Boston's Irish Mafia, the police send in one of their own to infiltrate the underworld, not realizing the syndicate has done likewise. While an undercover cop curries favor with the mob kingpin, a career criminal rises through the police ranks. But both sides soon discover there's a mole among them.",151.0,Martin Scorsese,Leonardo DiCaprio,Matt Damon,Jack Nicholson,90000000,289847354,English,2006-10-05,Drama,Thriller,Crime,,,Hong Kong,United States of America,,,,7.9,4339
644,A.I. Artificial Intelligence,"A robotic boy, the first programmed to love, David is adopted as a test case by a Cybertronics employee and his wife. Though he gradually becomes their child, a series of unexpected circumstances make this life impossible for David. Without final acceptance by humans or machines, David embarks on a journey to discover where he truly belongs, uncovering a world in which the line between robot and machine is both vast and profoundly thin.",146.0,Steven Spielberg,Haley Joel Osment,Frances O'Connor,Sam Robards,100000000,235926552,English,2001-06-29,Drama,Science Fiction,Adventure,,,United States of America,,,,,6.8,1974
161,Ocean's Eleven,"Less than 24 hours into his parole, charismatic thief Danny Ocean is already rolling out his next plan: In one night, Danny's hand-picked crew of specialists will attempt to steal more than $150 million from three Las Vegas casinos. But to score the cash, Danny risks his chances of reconciling with ex-wife, Tess.",116.0,Steven Soderbergh,George Clooney,Brad Pitt,Matt Damon,85000000,450717150,English,2001-12-07,Thriller,Crime,,,,United States of America,,,,,7.2,3783
298,Ocean's Thirteen,"Danny Ocean's team of criminals are back and composing a plan more personal than ever. When ruthless casino owner Willy Bank doublecrosses Reuben Tishkoff, causing a heart attack, Danny Ocean vows that he and his team will do anything to bring down Willy Bank along with everything he's got. Even if it means asking for help from an enemy.",122.0,Steven Soderbergh,George Clooney,Brad Pitt,Matt Damon,85000000,311312624,English,2007-06-07,Crime,Thriller,,,,United States of America,,,,,6.5,1999
364,Batman Returns,"Having defeated the Joker, Batman now faces the Penguin - a warped and deformed individual who is intent on being accepted into Gotham society. Crooked businessman Max Schreck is coerced into helping him become Mayor of Gotham and they both attempt to expose Batman in a different light. Selina Kyle, Max's secretary, is thrown from the top of a building and is transformed into Catwoman - a mysterious figure who has the same personality disorder as Batman. Batman must attempt to clear his name, all the time deciding just what must be done with the Catwoman.",126.0,Tim Burton,Michael Keaton,Danny DeVito,Michelle Pfeiffer,80000000,280000000,English,1992-06-19,Action,Fantasy,,,,United Kingdom,United States of America,,,,6.6,1673
11324,Shutter Island,"World War II soldier-turned-U.S. Marshal Teddy Daniels investigates the disappearance of a patient from a hospital for the criminally insane, but his efforts are compromised by his troubling visions and also by a mysterious doctor.",138.0,Martin Scorsese,Leonardo DiCaprio,Mark Ruffalo,Ben Kingsley,80000000,294804195,English,2010-02-18,Drama,Thriller,Mystery,,,United States of America,,,,,7.8,6336
75,Mars Attacks!,"'We come in peace' is not what those green men from Mars mean when they invade our planet, armed with irresistible weapons and a cruel sense of humor.  This star studded cast must play victim to the alien’s fun and games in this comedy homage to science fiction films of the '50s and '60s.",106.0,Tim Burton,Jack Nicholson,Glenn Close,Annette Bening,70000000,101371017,English,1996-12-12,Comedy,Fantasy,Science Fiction,,,United States of America,,,,,6.1,1509
330,The Lost World: Jurassic Park,"Four years after Jurassic Park's genetically bred dinosaurs ran amok, multimillionaire John Hammond shocks chaos theorist Ian Malcolm by revealing that Hammond has been breeding more beasties at a secret location. Malcolm, his paleontologist ladylove and a wildlife videographer join an expedition to document the lethal lizards' natural behavior in this action-packed thriller.",129.0,Steven Spielberg,Jeff Goldblum,Julianne Moore,Pete Postlethwaite,73000000,229074524,English,1997-05-23,Adventure,Action,Science Fiction,,,United States of America,,,,,6.2,2487
11026,Exorcist: The Beginning,"Having lived through traumatizing events during WWII, Father Lankester Merrin takes a sabbatical from the Church to conduct archaeological excavations in British-administered East Africa. Merrin unearths an ancient Byzantine church believed have been built and then immediately buried to keep down evil from the crypt below. The natives are convinced that uncovering the church has unleashed a demon, and begin to violently clash with the British military troops. As the village rapidly disintegrates into chaos and war, Merrin must face-off with the demon which has taken possession of somebody close to him.",114.0,Renny Harlin,Stellan Skarsgård,Izabella Scorupco,James D'Arcy,80000000,78000586,English,2004-08-20,Horror,Mystery,Thriller,,,United States of America,,,,,4.7,183
594,The Terminal,"Viktor Navorski is a man without a country; his plane took off just as a coup d'etat exploded in his homeland, leaving it in shambles, and now he's stranded at Kennedy Airport, where he's holding a passport that nobody recognizes. While quarantined in the transit lounge until authorities can figure out what to do with him, Viktor simply goes on living – and courts romance with a beautiful flight attendant.",128.0,Steven Spielberg,Tom Hanks,Catherine Zeta-Jones,Stanley Tucci,60000000,219417255,English,2004-06-17,Comedy,Drama,,,,United States of America,,,,,7.0,1910
612,Munich,"During the 1972 Olympic Games in Munich, eleven Israeli athletes are taken hostage and murdered by a Palestinian terrorist group known as Black September. In retaliation, the Israeli government recruits a group of Mossad agents to track down and execute those responsible for the attack.",164.0,Steven Spielberg,Eric Bana,Daniel Craig,Ciarán Hinds,70000000,130358911,English,2005-12-22,Drama,Action,History,Thriller,,Canada,United States of America,France,,,6.9,696
10477,Driven,"Talented rookie race-car driver Jimmy Bly has started losing his focus and begins to slip in the race rankings. It's no wonder, with the immense pressure being shoveled on him by his overly ambitious promoter brother as well as Bly's romance with his arch rival's girlfriend Sophia. With much riding on Bly, car owner Carl Henry brings former racing star Joe Tanto on board to help Bly. To drive Bly back to the top of the rankings, Tanto must first deal with the emotional scars left over from a tragic racing accident which nearly took his life.",116.0,Renny Harlin,Kip Pardue,Robert Sean Leonard,Til Schweiger,94000000,54744738,English,2001-04-27,Action,,,,,Australia,Canada,United States of America,,,4.5,179
879,Hook,"The boy who wasn't supposed to grow up—Peter Pan—did just that, becoming a soulless corporate lawyer whose workaholism could cost him his wife and kids. But a trip to see Granny Wendy in London, where the vengeful Capt. Hook kidnaps Peter's kids and forces Peter to return to Neverland, could lead to a chance at redemption, in this family-oriented fantasy from director Steven Spielberg.",144.0,Steven Spielberg,Robin Williams,Dustin Hoffman,Julia Roberts,70000000,300854823,English,1991-12-11,Adventure,Fantasy,Comedy,Family,,United States of America,,,,,6.6,1532
1573,Die Hard 2,"John McClane is an off-duty cop gripped with a feeling of déjà vu when on a snowy Christmas Eve in the nation's capital, terrorists seize a major international airport, holding thousands of holiday travelers hostage. Renegade military commandos led by a murderous rogue officer plot to rescue a drug lord from justice and are prepared for every contingency except one: McClane's smart-mouthed heroics.",124.0,Renny Harlin,Bruce Willis,Bonnie Bedelia,William Atherton,70000000,240031094,English,1990-07-02,Action,Thriller,,,,United States of America,,,,,6.6,1896
587,Big Fish,"Throughout his life Edward Bloom has always been a man of big appetites, enormous passions and tall tales. In his later years, he remains a huge mystery to his son, William. Now, to get to know the real man, Will begins piecing together a true picture of his father from flashbacks of his amazing adventures.",125.0,Tim Burton,Ewan McGregor,Albert Finney,Billy Crudup,70000000,122919055,English,2003-12-25,Adventure,Fantasy,Drama,,,United States of America,,,,,7.6,1994
57212,War Horse,"Follows a young man named Albert and his horse, Joey, and how their bond is broken when Joey is sold to the cavalry and sent to the trenches of World War One. Despite being too young to enlist, Albert heads to France to save his friend.",146.0,Steven Spielberg,Tom Hiddleston,Benedict Cumberbatch,Toby Kebbell,66000000,177584879,English,2011-12-25,Drama,War,,,,United States of America,,,,,7.0,992
188207,The Legend of Hercules,"In Ancient Greece 1200 B.C., a queen succumbs to the lust of Zeus to bear a son promised to overthrow the tyrannical rule of the king and restore peace to a land in hardship. But this prince, Hercules, knows nothing of his real identity or his destiny. He desires only one thing: the love of Hebe, Princess of Crete, who has been promised to his own brother. When Hercules learns of his greater purpose, he must choose: to flee with his true love or to fulfill his destiny and become the true hero of his time. The story behind one of the greatest myths is revealed in this action-packed epic - a tale of love, sacrifice and the strength of the human spirit.",99.0,Renny Harlin,Kellan Lutz,Liam McIntyre,Gaia Weiss,70000000,61279452,English,2014-01-10,Action,Adventure,,,,United States of America,,,,,4.4,533
12113,Body of Lies,"The CIA’s hunt is on for the mastermind of a wave of terrorist attacks. Roger Ferris is the agency’s man on the ground, moving from place to place, scrambling to stay ahead of ever-shifting events. An eye in the sky – a satellite link – watches Ferris.  At the other end of that real-time link is the CIA’s Ed Hoffman, strategizing events from thousands of miles away. And as Ferris nears the target, he discovers trust can be just as dangerous as it is necessary for survival.",128.0,Ridley Scott,Leonardo DiCaprio,Russell Crowe,Mark Strong,70000000,113280098,English,2008-10-10,Action,Drama,Thriller,,,United States of America,United Kingdom,,,,6.5,895
857,Saving Private Ryan,"As U.S. troops storm the beaches of Normandy, three brothers lie dead on the battlefield, with a fourth trapped behind enemy lines. Ranger captain John Miller and seven men are tasked with penetrating German-held territory and bringing the boy home.",169.0,Steven Spielberg,Tom Hanks,Matt Damon,Vin Diesel,70000000,481840909,English,1998-07-24,Drama,History,War,,,United States of America,,,,,7.9,5048
72976,Lincoln,"A revealing drama that focuses on the 16th President's tumultuous final months in office. In a nation divided by war and the strong winds of change, Lincoln pursues a course of action designed to end the war, unite the country and abolish slavery. With the moral courage and fierce determination to succeed, his choices during this critical moment will change the fate of generations to come.",149.0,Steven Spielberg,Daniel Day-Lewis,Sally Field,David Strathairn,65000000,275293450,English,2012-11-09,History,Drama,,,,India,United States of America,,,,6.7,1429
5551,Space Cowboys,"Frank Corvin, ‘Hawk’ Hawkins, Jerry O'Neill and ‘Tank’ Sullivan were hotdog members of Project Daedalus, the Air Force's test program for space travel, but their hopes were dashed in 1958 with the formation of NASA and the use of trained chimps. They blackmail their way into orbit when Russia's mysterious ‘Ikon’ communications satellite's orbit begins to degrade and threatens to crash to Earth.",130.0,Clint Eastwood,Clint Eastwood,Tommy Lee Jones,Donald Sutherland,65000000,128884132,English,2000-07-31,Action,Adventure,Thriller,,,United States of America,,,,,6.3,403
9350,Cliffhanger,"A year after losing his friend in a tragic 4,000-foot fall, former ranger Gabe Walker and his partner, Hal, are called to return to the same peak to rescue a group of stranded climbers, only to learn the climbers are actually thieving hijackers who are looking for boxes full of money.",112.0,Renny Harlin,Sylvester Stallone,John Lithgow,Michael Rooker,70000000,255000211,English,1993-05-28,Action,Adventure,Thriller,,,France,Italy,United States of America,,,6.1,588
11412,The Long Kiss Goodnight,"Samantha Caine, suburban homemaker, is the ideal mom to her 8 year old daughter Caitlin. She lives in Honesdale, PA, has a job teaching school and makes the best Rice Krispie treats in town. But when she receives a bump on her head, she begins to remember small parts of her previous life as a lethal, top-secret agent",120.0,Renny Harlin,Geena Davis,Samuel L. Jackson,Yvonne Zima,65000000,89456761,English,1996-10-11,Crime,Action,Mystery,Thriller,,United States of America,,,,,6.5,314
189,Sin City: A Dame to Kill For,Some of Sin City's most hard-boiled citizens cross paths with a few of its more reviled inhabitants.,102.0,Robert Rodriguez,Mickey Rourke,Jessica Alba,Josh Brolin,65000000,39407616,English,2014-08-20,Crime,Thriller,,,,United States of America,,,,,6.3,1286
329,Jurassic Park,"A wealthy entrepreneur secretly creates a theme park featuring living dinosaurs drawn from prehistoric DNA. Before opening day, he invites a team of experts and his two eager grandchildren to experience the park and help calm anxious investors. However, the park is anything but amusing as the security systems go off-line and the dinosaurs escape.",127.0,Steven Spielberg,Sam Neill,Laura Dern,Jeff Goldblum,63000000,920100000,English,1993-06-11,Adventure,Science Fiction,,,,United States of America,,,,,7.6,4856
8914,Deep Blue Sea,"On a remote former submarine refueling facility called Aquatica, a team of scientists are searching for a cure for Alzheimer's disease. Dr. Susan McAlester genetically engineers three Mako sharks, intending to increase their brain capacity so that they can harvest the tissue as a cure for Alzheimer's. Unfortunately, the increased brain capacity also makes the sharks smarter, faster, and more dangerous. Aquatica's financial backers are skeptical and nervous about the tests, and send a corporate executive to visit the facility.",105.0,Renny Harlin,Thomas Jane,Saffron Burrows,LL Cool J,60000000,73648228,English,1999-07-28,Action,Science Fiction,Thriller,,,Australia,United States of America,,,,5.6,604
39538,Contagion,"As an epidemic of a lethal airborne virus - that kills within days - rapidly grows, the worldwide medical community races to find a cure and control the panic that spreads faster than the virus itself.",106.0,Steven Soderbergh,Matt Damon,Gwyneth Paltrow,Kate Winslet,60000000,137551594,English,2011-09-08,Drama,Thriller,Science Fiction,,,United States of America,United Arab Emirates,,,,6.2,1325
22954,Invictus,"Newly elected President Nelson Mandela knows his nation remains racially and economically divided in the wake of apartheid. Believing he can bring his people together through the universal language of sport, Mandela rallies South Africa's rugby team as they make their historic run to the 1995 Rugby World Cup Championship match.",134.0,Clint Eastwood,Morgan Freeman,Matt Damon,Tony Kgoroge,60000000,122233971,English,2009-12-10,Drama,History,,,,United States of America,,,,,7.0,1125
190859,American Sniper,"U.S. Navy SEAL Chris Kyle takes his sole mission—protect his comrades—to heart and becomes one of the most lethal snipers in American history. His pinpoint accuracy not only saves countless lives but also makes him a prime target of insurgents. Despite grave danger and his struggle to be a good husband and father to his family back in the States, Kyle serves four tours of duty in Iraq. However, when he finally returns home, he finds that he cannot leave the war behind.",133.0,Clint Eastwood,Bradley Cooper,Sienna Miller,Kyle Gallner,58800000,542307423,English,2014-12-11,War,Action,,,,United States of America,,,,,7.4,4469
3580,Changeling,"Christine Collins is overjoyed when her kidnapped son is brought back home. But when Christine suspects that the boy returned to her isn't her child, the police captain has her committed to an asylum.",141.0,Clint Eastwood,Angelina Jolie,Jeffrey Donovan,John Malkovich,55000000,113020255,English,2008-01-30,Crime,Drama,Mystery,,,United States of America,,,,,7.3,1131
3683,Flags of Our Fathers,"There were five Marines and one Navy Corpsman photographed raising the U.S. flag on Mt. Suribachi by Joe Rosenthal on February 23, 1945. This is the story of three of the six surviving servicemen – John 'Doc' Bradley, Pvt. Rene Gagnon and Pvt. Ira Hayes, who fought in the battle to take Iwo Jima from the Japanese.",132.0,Clint Eastwood,Ryan Phillippe,Adam Beach,Jesse Bradford,90000000,65900249,English,2006-10-18,War,Drama,History,,,United States of America,,,,,6.7,526
285923,Grindhouse,Two full length feature horror movies written by Quentin Tarantino and Robert Rodriguez put together as a two film feature. Including fake movie trailers in between both movies.,191.0,Robert Rodriguez,Kurt Russell,Zoë Bell,Rosario Dawson,67000000,25037897,English,2007-04-06,Thriller,Action,Horror,,,United States of America,,,,,6.8,459
640,Catch Me If You Can,"A true story about Frank Abagnale Jr. who, before his 19th birthday, successfully conned millions of dollars worth of checks as a Pan Am pilot, doctor, and legal prosecutor. An FBI agent makes it his mission to put him behind bars. But Frank not only eludes capture, he revels in the pursuit.",141.0,Steven Spielberg,Leonardo DiCaprio,Tom Hanks,Christopher Walken,52000000,352114312,English,2002-12-25,Drama,Crime,,,,United States of America,,,,,7.7,3795
524,Casino,The life of the gambling paradise – Las Vegas – and its dark mafia underbelly.,178.0,Martin Scorsese,Robert De Niro,Sharon Stone,Joe Pesci,52000000,116112375,English,1995-11-22,Drama,Crime,,,,France,United States of America,,,,7.8,1307
462,Erin Brockovich,"A twice-divorced mother of three who sees an injustice, takes on the bad guy and wins -- with a little help from her push-up bra. Erin goes to work for an attorney and comes across medical records describing illnesses clustered in one nearby town. She starts investigating and soon exposes a monumental cover-up.",131.0,Steven Soderbergh,Julia Roberts,Albert Finney,Aaron Eckhart,52000000,256271286,English,2000-03-17,Drama,,,,,United States of America,,,,,7.1,716
388,Inside Man,"Bank robber Dalton Russell enters a Manhattan bank, locks the doors and takes hostages, working methodically and without haste. Detective Frazier is assigned to negotiate, but his mind is occupied with the corruption charges he is facing. With an army of police surrounding the bank, the thief, the cop and a high-profile 'fixer' enter high-stakes negotiations.",129.0,Spike Lee,Denzel Washington,Clive Owen,Jodie Foster,45000000,184376254,English,2006-03-23,Crime,Drama,Thriller,,,United States of America,,,,,7.3,1630
66,Absolute Power,A master thief coincidentally is robbing a house where a murder in which the President of The United States is involved occurs in front of his eyes. He is forced to run yet may hold evidence that could convict the President. A political thriller from and starring Clint Eastwood and based on a novel by David Baldacci.,121.0,Clint Eastwood,Clint Eastwood,Gene Hackman,Ed Harris,50000000,50068310,English,1997-02-14,Crime,Drama,Thriller,,,United States of America,,,,,6.4,223
4421,G.I. Jane,A female Senator succeeds in enrolling a woman into Combined Reconnaissance Team training where everyone expects her to fail.,125.0,Ridley Scott,Demi Moore,Viggo Mortensen,Anne Bancroft,50000000,48169156,English,1997-08-22,Action,Drama,,,,United States of America,,,,,6.0,395
14199,The Adventures of Sharkboy and Lavagirl,"Everyone always knew that Max had a wild imagination, but no one believed that his wildest creations -- a boy raised by watchful great white sharks and a girl with the force of a volcano -- were real. Now, these two pint-sized action masters will show Max that even an ordinary kid has what it takes to be extraordinary.",92.0,Robert Rodriguez,Taylor Lautner,Taylor Dooley,Cayden Boyd,50000000,69425966,English,2005-06-10,Adventure,Family,Science Fiction,,,United States of America,,,,,4.4,269
44603,Hereafter,"A supernatural thriller centered on three people -- a blue-collar American, a French journalist and a London school boy -- who are touched by death in different ways.",129.0,Clint Eastwood,Matt Damon,Bryce Dallas Howard,George McLaren,50000000,105197635,English,2010-10-15,Drama,Fantasy,,,,United States of America,,,,,5.8,510
9573,Blood Work,"Still recovering from a heart transplant, a retired FBI profiler returns to service when his own blood analysis offers clues to the identity of a serial killer.",110.0,Clint Eastwood,Clint Eastwood,Jeff Daniels,Anjelica Huston,50000000,26199517,English,2002-08-04,Crime,Drama,Mystery,Thriller,,United States of America,,,,,6.1,206
9548,The Adventures of Ford Fairlane,"Ford ""Mr. Rock n' Roll Detective"" Fairlane is experiencing problems, and it's not with the opposite sex. One of them is that all the rock stars pay him with drum sticks, koala bears, food processors and bicycle shorts. Another one of them is that all his employers that want him to find a girl named Zuzu Petals get killed. Why didn't he become a fisherman's detective instead?",104.0,Renny Harlin,Andrew Dice Clay,Wayne Newton,Priscilla Presley,49000000,20423389,English,1990-07-11,Action,Comedy,Thriller,Crime,Mystery,United States of America,,,,,6.2,71
1900,Traffic,"An exploration of the United States of America's war on drugs from multiple perspectives. For the new head of the Office of National Drug Control Policy, the war becomes personal when he discovers his well-educated daughter is abusing cocaine within their comfortable suburban home. In Mexico, a flawed, but noble policeman agrees to testify against a powerful general in league with a cartel, and in San Diego, a drug kingpin's sheltered trophy wife must learn her husband's ruthless business after he is arrested, endangering her luxurious lifestyle.",147.0,Steven Soderbergh,Michael Douglas,Benicio del Toro,Jacob Vargas,48000000,207515725,English,2000-12-27,Thriller,Drama,Crime,,,Germany,United States of America,,,,6.9,562
89,Indiana Jones and the Last Crusade,"When Dr. Henry Jones Sr. suddenly goes missing while pursuing the Holy Grail, eminent archaeologist Indiana must team up with Marcus Brody, Sallah and Elsa Schneider to follow in his father's footsteps and stop the Nazis from recovering the power of eternal life.",127.0,Steven Spielberg,Harrison Ford,Sean Connery,Denholm Elliott,48000000,474171806,English,1989-05-24,Adventure,Action,,,,United States of America,,,,,7.6,3152
1389,Out of Sight,"Meet Jack Foley, a smooth criminal who bends the law and is determined to make one last heist. Karen Sisco is a federal marshal who chooses all the right moves … and all the wrong guys. Now they're willing to risk it all to find out if there's more between them than just the law. Variety hails Out of Sight as ""a sly, sexy, vastly entertaining film.""",123.0,Steven Soderbergh,George Clooney,Jennifer Lopez,Ving Rhames,48000000,77745568,English,1998-06-26,Romance,Comedy,Crime,,,United States of America,,,,,6.5,333
12412,Miracle at St. Anna,"Miracle at St. Anna chronicles the story of four American soldiers who are members of the all-black 92nd ""Buffalo Soldier"" Division stationed in Tuscany, Italy during World War II.",160.0,Spike Lee,Derek Luke,Michael Ealy,Laz Alonso,45000000,9323833,English,2008-09-15,Drama,War,,,,Italy,United States of America,,,,6.3,90
12279,Spy Kids 3-D: Game Over,"Carmen's caught in a virtual reality game designed by the Kids' new nemesis, the Toymaker. It's up to Juni to save his sister, and ultimately the world.",84.0,Robert Rodriguez,Antonio Banderas,Carla Gugino,Alexa PenaVega,38000000,197011982,English,2003-07-25,Action,Adventure,Comedy,Family,Science Fiction,United States of America,,,,,4.7,511
187,Sin City,"Welcome to Sin City. This town beckons to the tough, the corrupt, the brokenhearted. Some call it dark… Hard-boiled. Then there are those who call it home — Crooked cops, sexy dames, desperate vigilantes. Some are seeking revenge, others lust after redemption, and then there are those hoping for a little of both. A universe of unlikely and reluctant heroes still trying to do the right thing in a city that refuses to care.",124.0,Robert Rodriguez,Jessica Alba,Devon Aoki,Clive Owen,40000000,158733820,English,2005-04-01,Action,Thriller,Crime,,,United States of America,,,,,7.2,2691
296098,Bridge of Spies,"During the Cold War, the Soviet Union captures U.S. pilot Francis Gary Powers after shooting down his U-2 spy plane. Sentenced to 10 years in prison, Powers' only hope is New York lawyer James Donovan, recruited by a CIA operative to negotiate his release. Donovan boards a plane to Berlin, hoping to win the young man's freedom through a prisoner exchange. If all goes well, the Russians would get Rudolf Abel, the convicted spy who Donovan defended in court.",141.0,Steven Spielberg,Tom Hanks,Mark Rylance,Amy Ryan,40000000,165478348,English,2015-10-15,Thriller,Drama,,,,India,United States of America,Germany,,,7.2,2583
209451,Jersey Boys,"From director Clint Eastwood comes the big-screen version of the Tony Award-winning musical Jersey Boys. The film tells the story of four young men from the wrong side of the tracks in New Jersey who came together to form the iconic 1960s rock group The Four Seasons. The story of their trials and triumphs are accompanied by the songs that influenced a generation, including “Sherry,” “Big Girls Don’t Cry,” “Walk Like a Man,” “Rag Doll,” and many more.",134.0,Clint Eastwood,Christopher Walken,Vincent Piazza,Freya Tingley,40000000,67347013,English,2014-06-05,Music,Drama,,,,United States of America,,,,,6.8,255
11831,Amistad,"In 1839, the slave ship Amistad set sail from Cuba to America. During the long trip, Cinque leads the slaves in an unprecedented uprising. They are then held prisoner in Connecticut, and their release becomes the subject of heated debate. Freed slave Theodore Joadson wants Cinque and the others exonerated and recruits property lawyer Roger Baldwin to help his case. Eventually, John Quincy Adams also becomes an ally.",155.0,Steven Spielberg,Morgan Freeman,Nigel Hawthorne,Anthony Hopkins,36000000,74000000,English,1997-12-03,Drama,History,Mystery,,,United States of America,,,,,6.8,316
203,Mean Streets,"A small-time hood must choose from among love, friendship and the chance to rise within the mob.",110.0,Martin Scorsese,Harvey Keitel,Robert De Niro,David Proval,500000,3000000,English,1973-10-02,Drama,Crime,,,,United States of America,,,,,7.2,345
62214,Frankenweenie,"When a car hits young Victor's pet dog Sparky, Victor decides to bring him back to life the only way he knows how. But when the bolt-necked ""monster"" wreaks havoc and terror in the hearts of Victor's neighbors, he has to convince them that Sparky's still the good, loyal friend he was.",87.0,Tim Burton,Charlie Tahan,Catherine O'Hara,Martin Short,39000000,35287788,English,2012-10-04,Animation,Comedy,Family,,,United States of America,,,,,6.6,932
9488,Spy Kids 2: The Island of Lost Dreams,"Exploring the further adventures of Carmen and Juni Cortez, who have now joined the family spy business as Level 2 OSS agents. Their new mission is to save the world from a mad scientist living on a volcanic island populated by an imaginative menagerie of creatures. On this bizarre island, none of the Cortez's gadgets work and they must rely on their wits--and each other--to survive and save the day.",100.0,Robert Rodriguez,Antonio Banderas,Carla Gugino,Alexa PenaVega,38000000,119723358,English,2002-08-07,Action,Adventure,Family,,,United States of America,,,,,5.3,521
10534,White Squall,Teenage boys discover discipline and camaraderie on an ill-fated sailing voyage.,129.0,Ridley Scott,Jeff Bridges,Caroline Goodall,John Savage,38000000,10300000,English,1996-02-02,Action,Drama,,,,United States of America,,,,,6.3,86
268,Batman,"The Dark Knight of Gotham City begins his war on crime with his first major enemy being the clownishly homicidal Joker, who has seized control of Gotham's underworld.",126.0,Tim Burton,Jack Nicholson,Michael Keaton,Kim Basinger,35000000,411348924,English,1989-06-23,Fantasy,Action,,,,United Kingdom,United States of America,,,,7.0,2096
268,Batman,The Dynamic Duo faces four super-villains who plan to hold the world for ransom with the help of a secret invention that instantly dehydrates people.,105.0,Tim Burton,Jack Nicholson,Michael Keaton,Kim Basinger,1377800,0,English,1966-07-30,Family,Adventure,Comedy,Science Fiction,Crime,United States of America,,,,,6.1,203
10054,Spy Kids,"Carmen and Juni think their parents are boring. Little do they know that in their day, Gregorio and Ingrid Cortez were the top secret agents from their respective countries. They gave up that life to raise their children. Now, the disappearances of several of their old colleagues forces the Cortez' return from retirement. What they didn't count on was Carmen and Juni joining the ""family business.""",88.0,Robert Rodriguez,Alexa PenaVega,Daryl Sabara,Antonio Banderas,35000000,147934180,English,2001-03-18,Action,Comedy,Family,Adventure,,United States of America,,,,,5.5,867
1598,Cape Fear,"Sam Bowden is a small-town corporate attorney. Max Cady is a tattooed, cigar-smoking, bible-quoting, psychotic rapist. What do they have in common? Fourteen years ago, Sam was a public defender assigned to Max Cady's rape trial, and he made a serious error: he hid a document from his illiterate client that could have gotten him acquitted. Now, the cagey, bibliophile Cady has been released, and he intends to teach Sam Bowden and his family a thing or two about loss.",128.0,Martin Scorsese,Robert De Niro,Nick Nolte,Jessica Lange,35000000,182300000,English,1991-11-15,Crime,Thriller,,,,United States of America,,,,,7.0,675
1883,Malcolm X,The biopic of the controversial and influential Black Nationalist leader.,202.0,Spike Lee,Denzel Washington,Angela Bassett,Albert Hall,34000000,48169908,English,1992-11-18,Drama,History,,,,United States of America,,,,,7.2,370
88794,J. Edgar,"As the face of law enforcement in America for almost 50 years, J. Edgar Hoover was feared and admired, reviled and revered. But behind closed doors, he held secrets that would have destroyed his image, his career and his life.",137.0,Clint Eastwood,Leonardo DiCaprio,Josh Hamilton,Geoff Pierson,35000000,84606030,English,2011-11-09,Drama,Crime,History,,,United States of America,,,,,6.0,741
8197,Midnight in the Garden of Good and Evil,"A visiting city reporter's assignment suddenly revolves around the murder trial of a local millionaire, whom he befriends.",155.0,Clint Eastwood,John Cusack,Kevin Spacey,Jude Law,35000000,25105255,English,1997-11-21,Crime,Drama,Mystery,Thriller,,United States of America,,,,,6.3,157
9726,A Good Year,"Failed London banker Max Skinner inherits his uncle's vineyard in Provence, where he spent many childhood holidays. Upon his arrival, he meets a woman from California who tells Max she is his long-lost cousin and that the property is hers.",118.0,Ridley Scott,Russell Crowe,Marion Cotillard,Albert Finney,35000000,42064105,English,2006-09-09,Comedy,Drama,Romance,,,United States of America,,,,,6.5,357
10436,The Age of Innocence,"Tale of 19th century New York high society in which a young lawyer falls in love with a woman separated from her husband, while he is engaged to the woman's cousin.",139.0,Martin Scorsese,Daniel Day-Lewis,Michelle Pfeiffer,Winona Ryder,34000000,32255440,English,1993-09-17,Drama,Romance,,,,United States of America,,,,,7.0,169
11519,1941,"It's been six days since the attack on Pearl Harbor. Panic grips California, supposedly the next target of the Japanese forces. Everywhere in California, people are suffering from war nerves. Chaos erupts all over the state. An Army Air Corps Captain, a civilian with a deranged sense of Nationalism, civilian defenders, and a Motor Pool crew all end up chasing a Japanese sub planning to attack LA.",113.0,Steven Spielberg,Dan Aykroyd,Ned Beatty,John Belushi,35000000,31755742,English,1979-12-13,Action,Comedy,,,,United States of America,,,,,5.6,143
8649,Bringing Out the Dead,"48 hours in the life of a burnt-out paramedic. Once called Father Frank for his efforts to rescue lives, Frank sees the ghosts of those he failed to save around every turn. He has tried everything he can to get fired, calling in sick, delaying taking calls where he might have to face one more victim he couldn't help, yet cannot quit the job on his own.",121.0,Martin Scorsese,Nicolas Cage,Patricia Arquette,John Goodman,32000000,0,English,1999-10-22,Drama,,,,,United States of America,,,,,6.6,225
182,The Good German,An American journalist played by George Clooney arrives in Berlin just after the end of World War Two. He becomes involved in a murder mystery surrounding a dead GI who washes up at a lakeside mansion during the Potsdam negotiations between the Allied powers. Soon his investigation connects with his search for his married pre-war German lover played by Cate Blanchett.,108.0,Steven Soderbergh,George Clooney,Cate Blanchett,Tobey Maguire,32000000,5914908,English,2006-12-08,War,Crime,Drama,Mystery,Romance,United States of America,,,,,5.9,86
322,Mystic River,"A story about friendship and loyalty, guilt and vengeance, and the fateful affect the past has on the present.",138.0,Clint Eastwood,Sean Penn,Tim Robbins,Kevin Bacon,25000000,156822020,English,2003-10-07,Thriller,Crime,Drama,Mystery,,United States of America,,,,,7.6,1422
70,Million Dollar Baby,"Despondent over a painful estrangement from his daughter, trainer Frankie Dunn isn't prepared for boxer Maggie Fitzgerald to enter his life. But Maggie's determined to go pro and to convince Dunn and his cohort to help her.",132.0,Clint Eastwood,Clint Eastwood,Hilary Swank,Morgan Freeman,30000000,216763646,English,2004-12-15,Drama,,,,,United States of America,,,,,7.7,2439
59436,Midnight in Paris,A romantic comedy about a family traveling to the French capital for business. The party includes a young engaged couple forced to confront the illusion that a life different from their own is better.,94.0,Woody Allen,Owen Wilson,Rachel McAdams,Kurt Fuller,30000000,151119219,English,2011-05-11,Fantasy,Comedy,Romance,,,Spain,United States of America,,,,7.4,1990
4105,Black Rain,"Two New York cops get involved in a gang war between members of the Yakuza, the Japanese Mafia. They arrest one of their killers and are ordered to escort him back to Japan. In Japan, however, he manages to escape. As they try to track him down, they get deeper and deeper into the Japanese Mafia scene and they have to learn that they can only win by playing the game the Japanese way.",125.0,Ridley Scott,Michael Douglas,Andy García,Kate Capshaw,30000000,45892212,English,1989-09-22,Action,Thriller,Crime,,,United States of America,,,,,6.2,243
3933,Corpse Bride,"Set in a 19th-century european village, this stop-motion animation feature follows the story of Victor, a young man whisked away to the underworld and wed to a mysterious corpse bride, while his real bride Victoria waits bereft in the land of the living.",77.0,Tim Burton,Johnny Depp,Helena Bonham Carter,Emily Watson,40000000,117195061,English,2005-09-09,Romance,Fantasy,Animation,Music,,United States of America,,,,,7.2,1894
109421,Side Effects,A woman turns to prescription medication as a way of handling her anxiety concerning her husband's upcoming release from prison.,106.0,Steven Soderbergh,Jude Law,Rooney Mara,Catherine Zeta-Jones,30000000,63372757,English,2013-02-07,Thriller,Crime,Drama,,,United States of America,,,,,6.4,1323
87,Indiana Jones and the Temple of Doom,"After arriving in India, Indiana Jones is asked by a desperate village to find a mystical stone. He agrees – and stumbles upon a secret cult plotting a terrible plan in the catacombs of an ancient palace.",118.0,Steven Spielberg,Harrison Ford,Kate Capshaw,Jonathan Ke Quan,28000000,333000000,English,1984-05-23,Adventure,Action,,,,United States of America,,,,,7.1,2781
1428,Once Upon a Time in Mexico,"Hitman ""El Mariachi"" becomes involved in international espionage involving a psychotic CIA agent and a corrupt Mexican general.",102.0,Robert Rodriguez,Antonio Banderas,Salma Hayek,Johnny Depp,29000000,98185582,English,2003-09-11,Action,,,,,United States of America,,,,,6.2,594
78,Blade Runner,"In the smog-choked dystopian Los Angeles of 2019, blade runner Rick Deckard is called out of retirement to terminate a quartet of replicants who have escaped to Earth seeking their creator for a way to extend their short life spans.",117.0,Ridley Scott,Harrison Ford,Rutger Hauer,Sean Young,28000000,33139618,English,1982-06-25,Science Fiction,Drama,Thriller,,,United States of America,Hong Kong,United Kingdom,,,7.9,3509
9746,Kundun,"The Tibetans refer to the Dalai Lama as 'Kundun', which means 'The Presence'. He was forced to escape from his native home, Tibet, when communist China invaded and enforced an oppressive regime upon the peaceful nation. The Dalai Lama escaped to India in 1959 and has been living in exile in Dharamsala ever since.",134.0,Martin Scorsese,Tenzin Thuthob Tsarong,Tencho Gyalpo,Tsewang Migyur Khangsar,28000000,5684789,English,1997-12-25,Drama,,,,,United States of America,,,,,6.8,91
56288,Spy Kids: All the Time in the World,"Eight years after the third film, the OSS has become the world's top spy agency, while the Spy Kids department has since become defunct. A retired spy Marissa (Jessica Alba) is thrown back into the action along with her stepchildren when a maniacal Timekeeper (Jeremy Piven) attempts to take over the world. In order to save the world, Rebecca (Rowan Blanchard) and Cecil (Mason Cook) must team up with their hated stepmother. Carmen and Juni have since also grown up and will provide gadgets to them.",89.0,Robert Rodriguez,Jessica Alba,Mason Cook,Rowan Blanchard,27000000,85564310,English,2011-08-18,Family,Comedy,Action,,,United States of America,,,,,4.4,222
16617,Mindhunters,Trainees in the FBI's psychological profiling program must put their training into practice when they discover a killer in their midst.,106.0,Renny Harlin,LL Cool J,Jonny Lee Miller,Kathryn Morris,27000000,21148829,English,2004-05-07,Mystery,Thriller,Crime,,,Finland,Netherlands,United Kingdom,United States of America,,6.3,333
2779,The Curse of the Jade Scorpion,"CW Briggs is a veteran insurance investigator, with many successes. Betty Ann Fitzgerald is a new employee in the company he works for, with the task of reorganizing the office. They don't like each other - or at least that's what they think. During a night out with the rest of the office employees, they go to watch Voltan, a magician who secretly hypnotizes both of them.",103.0,Woody Allen,Dan Aykroyd,Helen Hunt,Woody Allen,0,0,English,2001-08-05,Comedy,Crime,Mystery,Romance,Thriller,Germany,United States of America,,,,6.5,165
13223,Gran Torino,"Walt Kowalski is a widower who holds onto his prejudices despite the changes in his Michigan neighborhood and the world around him. Kowalski is a grumpy, tough-minded, unhappy old man who can't get along with either his kids or his neighbors. He is a Korean War veteran whose prize possession is a 1972 Gran Torino he keeps in mint condition. When his neighbor Thao, a young Hmong teenager under pressure from his gang member cousin, tries to steal his Gran Torino, Kowalski sets out to reform the youth. Drawn against his will into the life of Thao's family, Kowalski is soon taking steps to protect them from the gangs that infest their neighborhood.",116.0,Clint Eastwood,Clint Eastwood,Christopher Carley,Bee Vang,33000000,269958228,English,2008-12-09,Drama,,,,,United States of America,Germany,,,,7.8,3086
424,Schindler's List,The true story of how businessman Oskar Schindler saved over a thousand Jewish lives from the Nazis while they worked as slaves in his factory during World War II.,195.0,Steven Spielberg,Liam Neeson,Ben Kingsley,Ralph Fiennes,22000000,321365567,English,1993-11-29,Drama,History,War,,,United States of America,,,,,8.3,4329
769,GoodFellas,"The true story of Henry Hill, a half-Irish, half-Sicilian Brooklyn kid who is adopted by neighbourhood gangsters at an early age and climbs the ranks of a Mafia family under the guidance of Jimmy Conway.",145.0,Martin Scorsese,Robert De Niro,Ray Liotta,Joe Pesci,25000000,46836394,English,1990-09-12,Drama,Crime,,,,United States of America,,,,,8.2,3128
9469,He Got Game,A basketball player's father must try to convince him to go to a college so he can get a shorter sentence.,136.0,Spike Lee,Denzel Washington,Ray Allen,Milla Jovovich,25000000,21567853,English,1998-05-01,Drama,,,,,United States of America,,,,,6.7,134
109091,The Counselor,A rich and successful lawyer named Counselor is about to get married to his fiancée but soon meets up with the middle-man known as Westray who tells him his drug trafficking plan has taken a horrible twist and now he must protect himself and his soon bride-to-be lover as the truth of the drug business uncovers and targets become chosen.,117.0,Ridley Scott,Michael Fassbender,Cameron Diaz,Javier Bardem,25000000,71009334,English,2013-10-25,Thriller,Crime,Drama,,,United Kingdom,United States of America,,,,5.0,712
70435,Haywire,"Mallory Kane is a highly trained operative who works for a government security contractor in the dirtiest, most dangerous corners of the world. After successfully freeing a Chinese journalist held hostage, she is double crossed and left for dead by someone close to her in her own agency. Suddenly the target of skilled assassins who know her every move, Mallory must find the truth in order to stay alive.",93.0,Steven Soderbergh,Gina Carano,Ewan McGregor,Michael Fassbender,23000000,33372606,English,2011-11-06,Action,Thriller,,,,Ireland,United States of America,,,,5.6,505
688,The Bridges of Madison County,Photographer Robert Kincaid wanders into the life of housewife Francesca Johnson for four days in the 1960s.,135.0,Clint Eastwood,Meryl Streep,Clint Eastwood,Annie Corley,24000000,182016617,English,1995-05-28,Drama,Romance,,,,United States of America,,,,,7.3,385
11323,The Informant!,"A rising star at agri-industry giant Archer Daniels Midland (ADM), Mark Whitacre suddenly turns whistleblower. Even as he exposes his company’s multi-national price-fixing conspiracy to the FBI, Whitacre envisions himself being hailed as a hero of the common man and handed a promotion.",108.0,Steven Soderbergh,Matt Damon,Scott Bakula,Joel McHale,22000000,35424826,English,2009-09-18,Drama,Comedy,Crime,,,United States of America,,,,,6.0,301
10279,Summer of Sam,"Spike Lee's take on the ""Son of Sam"" murders in New York City during the summer of 1977 centering on the residents of an Italian-American South Bronx neighborhood who live in fear and distrust of one another.",142.0,Spike Lee,John Leguizamo,Adrien Brody,Mira Sorvino,0,0,English,1999-07-02,Thriller,Drama,Crime,Romance,,United States of America,,,,,6.3,112
81836,To Rome with Love,"Four tales unfold in the Eternal City: While vacationing in Rome, architect John encounters a young man whose romantic woes remind him of a painful incident from his own youth; retired opera director Jerry discovers a mortician with an amazing voice, and he seizes the opportunity to rejuvenate his own flagging career; a young couple have separate romantic interludes; a spotlight shines on an ordinary man.",111.0,Woody Allen,Ellen Page,Woody Allen,Jesse Eisenberg,17000000,73244881,English,2012-04-20,Romance,Comedy,,,,Italy,Spain,United States of America,,,5.6,546
10724,Firefox,"The Soviets have developed a revolutionary new jet fighter, called ""Firefox"". Naturally, the British are worried that the jet will be used as a first-strike weapon, as rumours say that the jet is indetectable on radar. They send ex-Vietnam War pilot Mitchell Gant on a covert mission into the Soviet Union to steal Firefox.",136.0,Clint Eastwood,Clint Eastwood,Freddie Jones,David Huffman,18000000,70687344,English,1982-06-13,Science Fiction,Action,Adventure,Thriller,,United States of America,,,,,5.5,139
85,Raiders of the Lost Ark,"When Dr. Indiana Jones – the tweed-suited professor who just happens to be a celebrated archaeologist – is hired by the government to locate the legendary Ark of the Covenant, he finds himself up against the entire Nazi regime.",115.0,Steven Spielberg,Harrison Ford,Karen Allen,Paul Freeman,18000000,389925971,English,1981-06-12,Adventure,Action,,,,United States of America,,,,,7.7,3854
840,Close Encounters of the Third Kind,"After an encounter with UFOs, a line worker feels undeniably drawn to an isolated area in the wilderness where something spectacular is about to happen.",135.0,Steven Spielberg,Richard Dreyfuss,François Truffaut,Teri Garr,20000000,303788635,English,1977-11-16,Science Fiction,Drama,,,,United States of America,,,,,7.2,1098
162,Edward Scissorhands,A small suburban town receives a visit from a castaway unfinished science experiment named Edward.,105.0,Tim Burton,Johnny Depp,Winona Ryder,Dianne Wiest,20000000,53000000,English,1990-12-05,Fantasy,Drama,Romance,,,United States of America,,,,,7.5,3601
9954,The Covenant,Four young men who belong to a supernatural legacy are forced to battle a fifth power long thought to have died out. Another great force they must contend with is the jealousy and suspicion that threatens to tear them apart.,97.0,Renny Harlin,Steven Strait,Laura Ramsey,Jessica Lucas,20000000,37597471,English,2006-09-08,Action,Adventure,Fantasy,Horror,Science Fiction,United States of America,,,,,5.2,288
25132,Shorts,"A young boy's discovery of a colorful, wish-granting rock causes chaos in the suburban town of Black Falls when jealous kids and scheming adults alike set out to get their hands on it.",89.0,Robert Rodriguez,Jimmy Bennett,Kat Dennings,Jolie Vanier,40000000,28972508,English,2009-08-21,Comedy,Family,,,,United Arab Emirates,United States of America,,,,5.1,44
755,From Dusk Till Dawn,"Seth Gecko and his younger brother Richard are on the run after a bloody bank robbery in Texas. They escape across the border into Mexico and will be home-free the next morning, when they pay off the local kingpin. They just have to survive 'from dusk till dawn' at the rendezvous point, which turns out to be a Hell of a strip joint.",108.0,Robert Rodriguez,George Clooney,Quentin Tarantino,Harvey Keitel,19000000,25836616,English,1996-01-19,Horror,Action,Thriller,Crime,,United States of America,,,,,6.9,1603
11382,Bullets Over Broadway,"Set in 1920's New York City, this movie tells the story of idealistic young playwright David Shayne. Producer Julian Marx finally finds funding for the project from gangster Nick Valenti. The catch is that Nick's girl friend Olive Neal gets the part of a psychiatrist, and Olive is a bimbo who could never pass for a psychiatrist as well as being a dreadful actress. Agreeing to this first compromise is the first step to Broadway's complete seduction of David, who neglects longtime girl friend Ellen. Meanwhile David puts up with Warner Purcell, the leading man who is a compulsive eater, Helen Sinclair, the grand dame who wants her part jazzed up, and Cheech, Olive's interfering hitman / bodyguard. Eventually, the playwright must decide whether art or life is more important.",98.0,Woody Allen,John Cusack,Dianne Wiest,Jennifer Tilly,0,0,English,1994-10-14,Action,Comedy,Thriller,,,United States of America,,,,,7.0,130
17134,12 Rounds,"When New Orleans cop Danny Fisher prevents a brilliant thief from successfully carrying out his latest heist, the thief's girlfriend is accidentally killed. Hungry for revenge, the criminal mastermind breaks out of prison and kidnaps Danny's fiancee. To save her, Danny must successfully navigate his way through an elaborate series of tasks and puzzles, or else watch the love of his life die.",108.0,Renny Harlin,John Cena,Aidan Gillen,Ashley Scott,20000000,17280326,English,2009-03-19,Action,Adventure,Drama,Thriller,,United States of America,,,,,5.7,220
2639,Deconstructing Harry,"This film tells the story of a successful writer called Harry Block, played by Allen himself, who draws inspiration from people he knows in real-life, and from events that happened to him, sometimes causing these people to become alienated from him as a result.",96.0,Woody Allen,Woody Allen,Kirstie Alley,Billy Crystal,20000000,10686841,English,1997-08-26,Comedy,Drama,,,,United States of America,,,,,7.3,187
9716,Everyone Says I Love You,A New York girl sets her father up with a beautiful woman in a shaky marriage while her half sister gets engaged.,101.0,Woody Allen,Drew Barrymore,Diva Gray,Natasha Lyonne,20000000,0,English,1996-12-06,Music,Comedy,Romance,,,United States of America,,,,,6.5,147
106747,Machete Kills,Ex-Federale agent Machete is recruited by the President of the United States for a mission which would be impossible for any mortal man – he must take down a madman revolutionary and an eccentric billionaire arms dealer who has hatched a plan to spread war and anarchy across the planet.,107.0,Robert Rodriguez,Danny Trejo,Mel Gibson,Amber Heard,12000000,15008161,English,2013-09-12,Action,Crime,Thriller,,,United States of America,,,,,5.3,631
160588,Blue Jasmine,"Jasmine French used to be on the top of the heap as a New York socialite, but now is returning to her estranged sister in San Francisco utterly ruined. As Jasmine struggles with her haunting memories of a privileged past bearing dark realities she ignored, she tries to recover in her present. Unfortunately, it all proves a losing battle as Jasmine's narcissistic hangups and their consequences begin to overwhelm her. In doing so, her old pretensions and new deceits begin to foul up everyone's lives, especially her own.",98.0,Woody Allen,Cate Blanchett,Alec Baldwin,Sally Hawkins,18000000,99206215,English,2013-07-25,Comedy,Drama,,,,United States of America,,,,,7.0,1098
1578,Raging Bull,"When Jake LaMotta steps into a boxing ring and obliterates his opponent, he's a prizefighter. But when he treats his family and friends the same way, he's a ticking time bomb, ready to go off at any moment. Though LaMotta wants his family's love, something always seems to come between them. Perhaps it's his violent bouts of paranoia and jealousy. This kind of rage helped make him a champ, but in real life, he winds up in the ring alone.",129.0,Martin Scorsese,Robert De Niro,Joe Pesci,Cathy Moriarty,18000000,23000000,English,1980-11-14,Drama,,,,,United States of America,,,,,7.7,938
10569,Small Time Crooks,A loser of a crook and his wife strike it rich when a botched bank job's cover business becomes a spectacular success.,94.0,Woody Allen,Woody Allen,Carolyn Saxon,Tracey Ullman,0,0,English,2000-05-19,Action,Comedy,Crime,,,United States of America,,,,,6.4,155
522,Ed Wood,"The mostly true story of the legendary ""worst director of all time"", who, with the help of his strange friends, filmed countless B-movies without ever becoming famous or successful.",127.0,Tim Burton,Johnny Depp,Martin Landau,Sarah Jessica Parker,18000000,5887457,English,1994-09-27,Comedy,Drama,History,,,United States of America,,,,,7.3,630
10739,Anything Else,"Jerry Falk, an aspiring writer in New York, falls in love at first sight with a free-spirited young woman named Amanda  He has heard the phrase that life is like ""anything else,"" but soon he finds that life with the unpredictable Amanda isn't like anything else at all.",108.0,Woody Allen,Woody Allen,Jason Biggs,Christina Ricci,0,0,English,2003-08-27,Comedy,Romance,,,,United Kingdom,Netherlands,France,,,6.2,149
5038,Vicky Cristina Barcelona,"Two girlfriends on a summer holiday in Spain become enamored with the same painter, unaware that his ex-wife, with whom he has a tempestuous relationship, is about to re-enter the picture.",96.0,Woody Allen,Scarlett Johansson,Rebecca Hall,Javier Bardem,15000000,96408652,English,2008-08-15,Drama,Romance,,,,United States of America,Spain,,,,6.7,1020
30890,Radio Days,"The Narrator (Woody Allen) tells us how the radio influenced his childhood in the days before TV. In the New York City of the late 1930s to the New Year's Eve 1944, this coming-of-age tale mixes the narrator's experiences with contemporary anecdotes and urban legends of the radio stars.",90.0,Woody Allen,Woody Allen,Mia Farrow,Jeff Daniels,16000000,0,English,1987-01-30,Comedy,Drama,,,,United States of America,,,,,7.0,127
9689,Hollywood Ending,"Woody Allen stars as Val Waxman, a two-time Oscar winner turned washed-up, neurotic director in desperate need of a comeback. When it comes, Waxman finds himself backed into a corner: Work for his ex-wife Ellie or forfeit his last shot. Is Val blinded by love when he opts for the reconnect? Is love blind when it comes to Ellie's staunch support? Literally and figuratively, the proof is the picture.",112.0,Woody Allen,Woody Allen,George Hamilton,Téa Leoni,16000000,0,English,2002-05-03,Comedy,Drama,,,,United States of America,,,,,6.4,113
873,The Color Purple,"An epic tale spanning forty years in the life of Celie (Whoopi Goldberg), an African-American woman living in the South who survives incredible abuse and bigotry.  After Celie's abusive father marries her off to the equally debasing ""Mister"" Albert Johnson (Danny Glover), things go from bad to worse, leaving Celie to find companionship anywhere she can.  She perseveres, holding on to her dream of one day being reunited with her sister in Africa.  Based on the novel by Alice Walker.",154.0,Steven Spielberg,Whoopi Goldberg,Margaret Avery,Danny Glover,15000000,146292009,English,1985-12-18,Drama,,,,,United States of America,,,,,7.7,338
4011,Beetlejuice,"Thanks to an untimely demise via drowning, a young couple end up as poltergeists in their New England farmhouse, where they fail to meet the challenge of scaring away the insufferable new owners, who want to make drastic changes. In desperation, the undead newlyweds turn to an expert frightmeister, but he's got a diabolical agenda of his own.",92.0,Tim Burton,Geena Davis,Alec Baldwin,Winona Ryder,15000000,73326666,English,1988-02-29,Fantasy,Comedy,,,,United States of America,,,,,7.1,1444
9276,The Faculty,"When some very creepy things start happening around school, the kids at Herrington High make a chilling discovery that confirms their worst suspicions: their teachers really are from another planet! As mind-controlling parasites rapidly begin spreading from the faculty to the students' bodies, it's ultimately up to the few who are left – an unlikely collection of loners, leaders, nerds and jocks – to save the world from alien domination.",104.0,Robert Rodriguez,Jordana Brewster,Elijah Wood,Clea DuVall,15000000,40283321,English,1998-12-25,Horror,Mystery,Science Fiction,,,United States of America,,,,,6.2,492
116,Match Point,"Match Point is Woody Allen’s satire of the British High Society and the ambition of a young tennis instructor to enter into it. Yet when he must decide between two women - one assuring him his place in high society, and the other that would bring him far from it - palms start to sweat and a dark psychological match in his head begins.",124.0,Woody Allen,Jonathan Rhys Meyers,Scarlett Johansson,Emily Mortimer,15000000,85306374,English,2005-10-26,Drama,Thriller,Crime,Romance,,Ireland,Luxembourg,Russia,United Kingdom,United States of America,7.3,1105
19265,Whatever Works,"Whatever Works explores the relationship between a crotchety misanthrope, Boris and a naïve, impressionable young runaway from the south, Melody. When Melody's uptight parents arrive in New York to rescue her, they are quickly drawn into wildly unexpected romantic entanglements. Everyone discovers that finding love is just a combination of lucky chance and appreciating the value of ""whatever works.""",92.0,Woody Allen,Larry David,Evan Rachel Wood,Adam Brooks,15000000,35097815,English,2009-06-19,Comedy,Romance,,,,France,United States of America,,,,6.8,350
38031,You Will Meet a Tall Dark Stranger,"Two married couples find only trouble and heartache as their complicated lives unfold. After 40 years of marriage, Alfie leaves his wife to pursue what he thinks is happiness with a call girl. His wife, Helena, reeling from abandonment, decides to follow the advice of a psychic. Sally, the daughter of Alfie and Helena, is unhappy in her marriage and develops a crush on her boss, while her husband, Roy, falls for a woman engaged to be married.",98.0,Woody Allen,Gemma Jones,Anthony Hopkins,Naomi Watts,22000000,0,English,2010-05-23,Comedy,Drama,Romance,,,United States of America,Spain,,,,5.8,251
33,Unforgiven,"William Munny is a retired, once-ruthless killer turned gentle widower and hog farmer. To help support his two motherless children, he accepts one last bounty-hunter mission to find the men who brutalized a prostitute. Joined by his former partner and a cocky greenhorn, he takes on a corrupt sheriff.",131.0,Clint Eastwood,Clint Eastwood,Gene Hackman,Morgan Freeman,14000000,159157447,English,1992-08-07,Western,,,,,United States of America,,,,,7.7,1113
12637,"New York, New York","An egotistical saxophone player and a young singer meet on V-J Day and embark upon a strained and rocky romance, even as their careers begin a long uphill climb.",155.0,Martin Scorsese,Liza Minnelli,Robert De Niro,Lionel Stander,0,0,English,1977-06-21,Drama,Music,Romance,,,United States of America,,,,,6.1,67
34152,Crooklyn,"From Spike Lee comes this vibrant semi-autobiographical portrait of a school-teacher, her stubborn jazz-musician husband and their five kids living in '70s Brooklyn.",115.0,Spike Lee,Alfre Woodard,Delroy Lindo,David Patrick Kelly,0,0,English,1994-05-13,Comedy,Drama,,,,United States of America,,,,,6.7,31
10131,A Nightmare on Elm Street 4: The Dream Master,"Dream demon Freddy Krueger is resurrected from his apparent demise, and rapidly tracks down and kills the remainder of the Elm Street kids. However, Kristen, who can draw others into her dreams, wills her special ability to her friend Alice. Alice soon realizes that Freddy is taking advantage of that unknown power to pull a new group of children into his foul domain.",99.0,Renny Harlin,Robert Englund,Tuesday Knight,Ken Sagoes,7000000,72500000,English,1988-08-19,Horror,Thriller,,,,United States of America,,,,,5.8,281
1251,Letters from Iwo Jima,"The story of the battle of Iwo Jima between the United States and Imperial Japan during World War II, as told from the perspective of the Japanese who fought it.",141.0,Clint Eastwood,Ken Watanabe,Kazunari Ninomiya,Tsuyoshi Ihara,19000000,68673228,English,2006-12-19,Action,Adventure,Drama,War,,Japan,United States of America,,,,7.2,541
23631,Machete,"After being set-up and betrayed by the man who hired him to assassinate a Texas Senator, an ex-Federale launches a brutal rampage of revenge against his former boss.",105.0,Robert Rodriguez,Danny Trejo,Michelle Rodriguez,Jessica Alba,20000000,31327899,English,2010-09-01,Action,Comedy,Thriller,,,United States of America,,,,,6.3,1150
578,Jaws,"An insatiable great white shark terrorizes the townspeople of Amity Island, The police chief, an oceanographer and a grizzled shark hunter seek to destroy the bloodthirsty beast.",124.0,Steven Spielberg,Roy Scheider,Robert Shaw,Richard Dreyfuss,7000000,470654000,English,1975-06-18,Horror,Thriller,Adventure,,,United States of America,,,,,7.5,2542
9466,Celebrity,"The career and personal life of writer Lee are at a standstill, so he divorces his bashful wife, Robin, and dives into a new job as an entertainment journalist. His assignments take him to the swankiest corners of Manhattan, but as he jumps from one lavish party to another and engages in numerous empty romances, he starts to doubt the worth of his work. Meanwhile, top TV producer Tony falls for Robin and introduces her to the world of celebrity.",113.0,Woody Allen,Kenneth Branagh,Judy Davis,Joe Mantegna,0,0,English,1998-09-07,Drama,Comedy,,,,United States of America,,,,,6.0,111
61752,Girl 6,"Girl 6 is a 1996 American film by director Spike Lee about a phone sex operator. Theresa Randle played the title character, and playwright Suzan-Lori Parks wrote the screenplay. The soundtrack is composed entirely of songs written by Prince. The film was screened in the Un Certain Regard section at the 1996 Cannes Film Festival. Directors Quentin Tarantino and Ron Silver make cameo appearances as film directors at a pair of interesting auditions.",108.0,Spike Lee,Theresa Randle,Isaiah Washington,Spike Lee,12000000,4939939,English,1996-03-22,Comedy,,,,,United States of America,,,,,5.7,16
50601,5 Days of War,"An American journalist and his cameraman are caught in the combat zone during the first Russian airstrikes against Georgia. Rescuing Tatia, a young Georgian schoolteacher separated from her family during the attack, the two reporters agree to help reunite her with her family in exchange for serving as their interpreter. As the three attempt to escape to safety, they witness--and document--the devastation from the full-scale crossfire and cold-blooded murder of innocent civilians.",113.0,Renny Harlin,Rupert Friend,Val Kilmer,Andy García,20000000,17479,English,2011-04-14,War,Drama,,,,United States of America,,,,,5.8,62
601,E.T. the Extra-Terrestrial,"After a gentle alien becomes stranded on Earth, the being is discovered and befriended by a young boy named Elliott. Bringing the extraterrestrial into his suburban California house, Elliott introduces E.T., as the alien is dubbed, to his brother and his little sister, Gertie, and the children decide to keep its existence a secret. Soon, however, E.T. falls ill, resulting in government intervention and a dire situation for both Elliott and the alien.",115.0,Steven Spielberg,Henry Thomas,Drew Barrymore,Robert MacNaughton,10500000,792910554,English,1982-04-03,Science Fiction,Adventure,Family,Fantasy,,United States of America,,,,,7.3,3269
11873,The Color of Money,"Former pool hustler ""Fast Eddie"" Felson decides he wants to return to the game by taking a pupil. He meets talented but green Vincent Lauria and proposes a partnership. As they tour pool halls, Eddie teaches Vincent the tricks of scamming, but he eventually grows frustrated with Vincent's showboat antics, leading to an argument and a falling-out. Eddie takes up playing again and soon crosses paths with Vincent as an opponent.",119.0,Martin Scorsese,Paul Newman,Tom Cruise,Mary Elizabeth Mastrantonio,13800000,52293982,English,1986-10-07,Drama,,,,,United States of America,,,,,6.7,291
15301,Twilight Zone: The Movie,"Four directors collaborated to remake four episodes of the popular television series 'The Twilight Zone' for this movie. The episodes are updated slightly and in color (the television show was in black-and-white), but very true to the originals, where eerie and disturbing situations gradually spin out of control. ""A Quality of Mercy"", ""Kick the Can"", ""It's a Good Life"", and ""Nightmare at 20,000 Feet"".",101.0,Steven Spielberg,Albert Brooks,Vic Morrow,John Larroquette,10000000,29450919,English,1983-06-24,Drama,Fantasy,Horror,Science Fiction,Thriller,United States of America,,,,,6.2,161
41823,Mo' Better Blues,"Opens with Bleek as a child learning to play the trumpet, his friends want him to come out and play but mother insists he finish his lessons. Bleek grows into adulthood and forms his own band - The Bleek Gilliam Quartet. The story of Bleek's and Shadow's friendly rivalry on stage which spills into their professional relationship and threatens to tear apart the quartet.",129.0,Spike Lee,Denzel Washington,Spike Lee,Wesley Snipes,10000000,16153593,English,1990-08-03,Drama,Romance,,,,United States of America,,,,,6.3,47
87093,Big Eyes,"The story of the awakening of the painter, Margaret Keane, her phenomenal success in the 1950s, and the subsequent legal difficulties she had with her husband, who claimed credit for her works in the 1960s.",105.0,Tim Burton,Amy Adams,Christoph Waltz,Krysten Ritter,10000000,28883511,English,2014-12-24,Drama,,,,,Canada,United States of America,,,,6.8,1196
10388,The Limey,"The Limey follows Wilson (Terence Stamp), a tough English ex-con who travels to Los Angeles to avenge his daughter's death. Upon arrival, Wilson goes to task battling Valentine (Peter Fonda) and an army of L.A.'s toughest criminals, hoping to find clues and piece together what happened. After surviving a near-death beating, getting thrown from a building and being chased down a dangerous mountain road, the Englishman decides to dole out some bodily harm of his own.",89.0,Steven Soderbergh,Terence Stamp,Lesley Ann Warren,Luis Guzmán,10000000,3193102,English,1999-05-15,Action,Crime,Drama,Mystery,Thriller,United States of America,,,,,6.6,105
24664,Bamboozled,"TV producer Pierre Delacroix (Damon Wayans) becomes frustrated when network brass reject his sitcom idea. Hoping to get fired, Delacroix pitches the worst idea he can think of: a minstrel show. The network not only airs it, but it incredibly becomes a smash hit. Michael Rapaport co-stars in this searing satire.",135.0,Spike Lee,Damon Wayans,Savion Glover,Tommy Davidson,0,0,English,2000-10-06,Comedy,Drama,,,,United States of America,,,,,6.3,24
348,Alien,"During its return to the earth, commercial spaceship Nostromo intercepts a distress signal from a distant planet. When a three-member team of the crew discovers a chamber containing thousands of eggs on the planet, a creature inside one of the eggs attacks an explorer. The entire crew is unaware of the impending nightmare set to descend upon them when the alien parasite planted inside its unfortunate host is birthed.",117.0,Ridley Scott,Tom Skerritt,Sigourney Weaver,Veronica Cartwright,11000000,104931801,English,1979-05-25,Horror,Action,Thriller,Science Fiction,,United States of America,United Kingdom,,,,7.9,4470
77930,Magic Mike,"Mike, an experienced stripper, takes a younger performer called The Kid under his wing and schools him in the arts of partying, picking up women, and making easy money.",110.0,Steven Soderbergh,Channing Tatum,Matthew McConaughey,Alex Pettyfer,7000000,167221571,English,2012-06-28,Drama,Comedy,,,,United States of America,,,,,6.1,1040
8068,Desperado,A gunslinger is embroiled in a war with a local drug runner.,104.0,Robert Rodriguez,Antonio Banderas,Salma Hayek,Joaquim de Almeida,7000000,25405445,English,1995-08-25,Thriller,Action,Crime,,,United States of America,,,,,6.8,881
11051,The Last Temptation of Christ,"Jesus, a humble Judean carpenter beginning to see that he is the son of God, is drawn into revolutionary action against the Roman occupiers by Judas -- despite his protestations that love, not violence, is the path to salvation. The burden of being the savior of mankind torments Jesus throughout his life, leading him to doubt. As he is put to death on the cross, Jesus is tempted by visions of an ordinary life married to Mary Magdalene.",164.0,Martin Scorsese,Willem Dafoe,Harvey Keitel,Barbara Hershey,7000000,8373585,English,1988-08-12,Drama,,,,,United States of America,Canada,,,,7.0,201
8879,Pale Rider,A small gold mining camp is terrorised by a ruthless land owner wanting to take their land. Clint Eastwood arrives riding a pale horse just as a young girl is praying to God to help the miners. He is revealed to be a preacher with mysterious and possible otherworldly origins who teams up with the miners to defeat the land owner and the corrupt sheriff.,115.0,Clint Eastwood,Clint Eastwood,Michael Moriarty,Carrie Snodgress,0,41410568,English,1985-06-28,Romance,Western,,,,United States of America,,,,,7.0,251
36739,School Daze,In the South of the United States are taking place confrontations between two groups of students who have different ideas and are not able to accept the one of the oponent.,121.0,Spike Lee,Samuel L. Jackson,Laurence Fishburne,Giancarlo Esposito,0,0,English,1988-02-12,Comedy,Drama,,,,United States of America,,,,,6.2,26
11901,High Plains Drifter,"A gunfighting stranger comes to the small settlement of Lago. After gunning down three gunmen who tried to kill him, the townsfolk decide to hire the Stranger to hold off three outlaws who are on their way.",105.0,Clint Eastwood,Clint Eastwood,Verna Bloom,Marianna Hill,5500000,15700000,English,1973-04-19,Western,,,,,United States of America,,,,,7.4,278
925,Do the Right Thing,"On the hottest day of the year on a street in the Bedford-Stuyvesant section of Brooklyn, everyone's hate and bigotry smolders and builds until it explodes into violence.",120.0,Spike Lee,Danny Aiello,Ossie Davis,Ruby Dee,6500000,37295445,English,1989-06-30,Drama,,,,,United States of America,,,,,7.6,292
1429,25th Hour,"The filmed adaptation from David Benioff's novel of the same name. Set in New York, a convicted drug dealer named Monty has one day left of freedom before he is sent to prison. Anger, blame, frustration, betrayal, guilt and loneliness are themes on this last day of friends, family, parties, saying goodbye, and setting things straight. A Spike Lee joint.",135.0,Spike Lee,Edward Norton,Philip Seymour Hoffman,Barry Pepper,15000000,13060843,English,2002-12-16,Crime,Drama,,,,United States of America,,,,,7.2,629
703,Annie Hall,"In the city of New York, comedian Alvy Singer falls in love with the ditsy Annie Hall.",93.0,Woody Allen,Woody Allen,Diane Keaton,Tony Roberts,4000000,38251425,English,1977-04-19,Comedy,Drama,Romance,,,United States of America,,,,,7.8,1010
512,Scoop,"An American journalism student in London scoops a big story, and begins an affair with an aristocrat as the incident unfurls.",96.0,Woody Allen,Scarlett Johansson,Hugh Jackman,Woody Allen,4000000,31584901,English,2006-07-27,Comedy,Mystery,,,,United Kingdom,,,,,6.4,420
48309,Prison,"After Charles Forsyth was sent to the electric chair for a crime he didn't commit, he forever haunts the prison where he was executed. Flash forward several years when the prison is reopened, under the control of its new warden Eaton Sharpe, a former security guard who framed Charlie. When prisoners are ordered to break down the wall to the execution room, they unknowingly release the angry spirit of Charles Forsyth, a powerful being distributing his murderous rage to all, leading up to the Warden himself.",102.0,Renny Harlin,Viggo Mortensen,Chelsea Field,Lane Smith,1300000,354704,English,1988-03-04,Crime,Drama,Horror,Thriller,,United States of America,,,,,6.7,27
23618,The Original Kings of Comedy,"The Original Kings of Comedy achieves the seemingly impossible task of capturing the rollicking and sly comedy routines of stand-up and sitcom vets Steve Harvey, D.L. Hughley, Cedric the Entertainer, and Bernie Mac and the magic of experiencing a live concert show. Director Spike Lee and his crew plant a multitude of cameras in a packed stadium and onstage (as well as backstage, as they follow the comedians) to catch the vivid immediacy of the show, which is as much about the audience as it is about the jokes.",115.0,Spike Lee,Steve Harvey,D. L. Hughley,Cedric the Entertainer,0,0,English,2000-08-18,Comedy,,,,,United States of America,,,,,6.3,15
49471,Get on the Bus,"Get On the Bus follows several Black men on a cross country bus trip to the Million Man March. On the bus are an eclectic set of characters including a laid off aircraft worker, a former Gang Banger, a Hollywood actor, a cop who is of mixed racial background, and a White bus driver, all make the trek discussing issues surrounding the march, manhood, religion, politics, and race.",120.0,Spike Lee,Ossie Davis,Charles S. Dutton,Andre Braugher,2400000,5731103,English,1996-10-16,Drama,,,,,United States of America,,,,,7.0,11
11561,Sleeper,"Miles Monroe, a clarinet-playing health food store proprietor, is revived out of cryostasis 200 years into a future world in order to help rebels fight an oppressive government regime.",89.0,Woody Allen,Woody Allen,Diane Keaton,John Beck,2000000,18344729,English,1973-12-17,Comedy,Romance,Science Fiction,,,United States of America,,,,,7.0,200
11624,Everything You Always Wanted to Know About Sex *But Were Afraid to Ask,"A collection of seven vignettes, which each address a question concerning human sexuality.",88.0,Woody Allen,Woody Allen,John Carradine,Lou Jacobi,2000000,18016290,English,1972-08-06,Comedy,,,,,United States of America,,,,,6.6,215
15186,Full Frontal,"A contemporary comedy set in Los Angeles, Full Frontal traces the complicated relationship among seven friends as they deal with the fragile connections that bind them together. Full Frontal takes place during a twenty-four hour period - a day in the life of missed connections.",96.0,Steven Soderbergh,David Duchovny,Nicky Katt,Catherine Keener,2000000,2506446,English,2002-08-02,Comedy,Drama,Romance,,,United States of America,,,,,4.8,26
11302,Bananas,"When a bumbling New Yorker is dumped by his activist girlfriend, he travels to a tiny Latin American nation and becomes involved in its latest rebellion.",82.0,Woody Allen,Woody Allen,Louise Lasser,Carlos Montalbán,2000000,11833696,English,1971-04-28,Comedy,,,,,United States of America,,,,,6.7,165
278316,Da Sweet Blood of Jesus,A movie about human beings who are addicted to blood.,123.0,Spike Lee,Felicia Pearson,Zaraah Abrahams,Elvis Nolasco,0,0,English,2014-06-22,Thriller,Comedy,Romance,,,United States of America,,,,,4.1,13
1412,"Sex, Lies, and Videotape",A sexually repressed woman's husband is having an affair with her sister. The arrival of a visitor with a rather unusual fetish changes everything.,100.0,Steven Soderbergh,Andie MacDowell,Peter Gallagher,James Spader,1200000,0,English,1989-08-18,Drama,,,,,United States of America,,,,,6.7,185
103,Taxi Driver,"A mentally unstable Vietnam War veteran works as a night-time taxi driver in New York City where the perceived decadence and sleaze feeds his urge for violent action, attempting to save a preadolescent prostitute in the process.",114.0,Martin Scorsese,Robert De Niro,Cybill Shepherd,Harvey Keitel,1300000,28262574,English,1976-02-07,Crime,Drama,,,,United States of America,,,,,8.0,2535
7944,Shine a Light,"Martin Scorsese and the Rolling Stones unite in ""Shine A Light,"" a look at The Rolling Stones."" Scorsese filmed the Stones over a two-day period at the intimate Beacon Theater in New York City in fall 2006. Cinematographers capture the raw energy of the legendary band.",122.0,Martin Scorsese,Mick Jagger,Keith Richards,Charlie Watts,0,0,English,2008-02-07,Documentary,Music,,,,United Kingdom,United States of America,,,,7.2,44
27995,She's Gotta Have It,"The story of Nola Darling's simultaneous sexual relationships with three different men is told by her and by her partners and other friends. All three men wanted her to commit solely to them; Nola resists being ""owned"" by a single partner.",84.0,Spike Lee,Tracy Camilla Johns,Tommy Redmond Hicks,John Canada Terrell,0,0,English,1986-08-08,Comedy,Romance,,,,United States of America,,,,,6.1,25
13963,The Last Waltz,"Martin Scorsese's rockumentary intertwines footage from ""The Band's"" incredible farewell tour with probing backstage interviews and featured performances by Eric Clapton, Bob Dylan, Joni Mitchell, Ringo Starr and other rock legends.",117.0,Martin Scorsese,Robbie Robertson,Rick Danko,Levon Helm,0,321952,English,1978-05-01,Documentary,Music,,,,United States of America,,,,,7.9,64
